Time    ,x_sat     ,y_sat  ,z_sat      ,True_x   ,True_vx ,True_y    ,True_vy ,True_z ,True_vz ,InTrackAngle ,CrossTrackAngle ,Est_x     ,Est_vx  ,Est_y     ,Est_vy ,Est_z      ,Est_vz  ,Cov_xx    ,Cov_vxvx ,Cov_yy   ,Cov_vyvy ,Cov_zz   ,Cov_vzvz ,Track Error ,Innovation_ITA ,Innovation_CTA ,InnovationCov_ITA ,InnovationCov_CTA ,DDF_Est_x ,DDF_Est_vx ,DDF_Est_y ,DDF_Est_vy ,DDF_Est_z ,DDF_Est_vz ,DDF_Cov_xx ,DDF_Cov_vxvx ,DDF_Cov_yy ,DDF_Cov_vyvy ,DDF_Cov_zz ,DDF_Cov_vzvz ,DDF Track Error ,DDF_Innovation_ITA ,DDF_Innovation_CTA ,DDF_InnovationCov_ITA ,DDF_InnovationCov_CTA ,ET_Est_x ,ET_Est_vx ,ET_Est_y  ,ET_Est_vy ,ET_Est_z ,ET_Est_vz ,ET_Cov_xx ,ET_Cov_vxvx ,ET_Cov_yy ,ET_Cov_vyvy ,ET_Cov_zz ,ET_Cov_vzvz ,ET_Track Error
  0.000 ,12995.305 ,-0.000 ,-12995.305 ,4509.927 ,68.535  ,-4509.927 , 68.535 , 0.000 ,  0.000
  1.000 ,13191.381 ,-0.000 ,-12796.225 ,4577.938 ,67.485  ,-4440.874 , 69.568 , 0.000 ,  0.000
  2.000 ,13384.407 ,-0.000 ,-12594.188 ,4644.893 ,66.420  ,-4370.796 , 70.586 , 0.000 ,  0.000
  3.000 ,13574.339 ,-0.000 ,-12389.239 ,4710.774 ,65.340  ,-4299.708 , 71.587 , 0.000 ,  0.000
  4.000 ,13761.133 ,-0.000 ,-12181.426 ,4775.568 ,64.245  ,-4227.627 , 72.572 , 0.000 ,  0.000
  5.000 ,13944.746 ,-0.000 ,-11970.796 ,4839.259 ,63.135  ,-4154.571 , 73.539 , 0.000 ,  0.000
  6.000 ,14125.135 ,-0.000 ,-11757.400 ,4901.832 ,62.010  ,-4080.554 , 74.490 , 0.000 ,  0.000
  7.000 ,14302.259 ,-0.000 ,-11541.286 ,4963.274 ,60.871  ,-4005.596 , 75.424 , 0.000 ,  0.000
  8.000 ,14476.077 ,-0.000 ,-11322.504 ,5023.569 ,59.718  ,-3929.712 , 76.340 , 0.000 ,  0.000
  9.000 ,14646.549 ,-0.000 ,-11101.104 ,5082.704 ,58.551  ,-3852.921 , 77.239 , 0.000 ,  0.000
 10.000 ,14813.634 ,-0.000 ,-10877.138 ,5140.666 ,57.370  ,-3775.240 , 78.120 , 0.000 ,  0.000
 11.000 ,14977.296 ,-0.000 ,-10650.658 ,5197.440 ,56.176  ,-3696.687 , 78.983 , 0.000 ,  0.000
 12.000 ,15137.495 ,-0.000 ,-10421.716 ,5253.014 ,54.970  ,-3617.281 , 79.827 , 0.000 ,  0.000 ,5272.904     ,55.141          ,-3627.104 ,80.660  ,4.354     ,1.056  ,10571.803  ,87.561  , 5287.920 ,  23.981 , 438.372 ,   7.823 ,  56.068 ,5229.203 ,54.708      ,-3604.116      ,78.813         ,12.743            ,0.695             , 1000.000 ,100.000    ,1000.000  ,   100.000 ,1000.000  ,100.000    ,    38.960
 13.000 ,15294.194 ,-0.000 ,-10190.364 ,5307.376 ,53.750  ,-3537.040 , 80.653 , 0.000 ,  0.000 ,5327.053     ,53.870          ,-3546.663 ,81.417  ,4.169     ,0.926  ,12509.551  ,89.933  , 5830.619 ,  20.797 , 415.313 ,   6.413 ,  57.770 ,5283.315 ,53.514      ,-3524.890      ,79.635         ,13.438            ,0.695             , 1100.331 ,100.039    ,1100.336  ,   100.047 ,1100.110  ,100.030    ,    39.902
 14.000 ,15447.359 ,-0.000 ,-9956.657  ,5360.511 ,52.519  ,-3455.981 , 81.461 , 0.000 ,  0.000 ,5379.735     ,52.576          ,-3465.753 ,82.129  ,4.032     ,0.822  ,14657.452  ,92.340  , 6365.335 ,  17.938 , 394.098 ,   5.319 ,  59.424 ,5336.227 ,52.307      ,-3444.852      ,80.438         ,14.134            ,0.695             , 1401.144 ,100.122    ,1401.182  ,   100.141 ,1400.291  ,100.060    ,    42.386
 15.000 ,15596.952 ,-0.000 ,-9720.648  ,5412.409 ,51.275  ,-3374.125 , 82.249 , 0.000 ,  0.000 ,5431.035     ,51.273          ,-3384.367 ,82.803  ,3.915     ,0.735  ,17022.144  ,94.743  , 6885.319 ,  15.363 , 374.636 ,   4.460 ,  61.031 ,5387.925 ,51.089      ,-3364.019      ,81.223         ,14.829            ,0.695             , 1902.474 ,100.251    ,1902.606  ,   100.281 ,1900.622  ,100.091    ,    45.753
 16.000 ,15742.939 ,-0.000 ,-9482.392  ,5463.056 ,50.019  ,-3291.489 , 83.019 , 0.000 ,  0.000 ,5482.178     ,50.036          ,-3300.259 ,83.657  ,4.539     ,0.725  ,19609.852  ,97.113  , 7384.182 ,  13.040 , 356.797 ,   3.777 ,  62.591 ,5438.400 ,49.859      ,-3282.411      ,81.990         ,15.524            ,0.695             , 2604.353 ,100.424    ,2604.675  ,   100.468 ,2601.187  ,100.121    ,    49.489
 17.000 ,15885.288 ,-0.000 ,-9241.944  ,5512.443 ,48.752  ,-3208.093 , 83.769 , 0.000 ,  0.000 ,5531.271     ,48.736          ,-3216.704 ,84.361  ,4.608     ,0.671  ,22425.459  ,99.432  , 7857.101 ,  10.950 , 340.441 ,   3.228 ,  64.105 ,5487.639 ,48.617      ,-3200.046      ,82.738         ,16.220            ,0.696             , 3506.808 ,100.643    ,3507.461  ,   100.702 ,3502.062  ,100.151    ,    53.310
 18.000 ,16023.964 ,-0.000 ,-8999.360  ,5560.556 ,47.473  ,-3123.956 , 84.501 , 0.000 ,  0.000 ,5579.457     ,47.449          ,-3131.677 ,85.115  ,4.117     ,0.580  ,25474.957  ,101.681 , 8297.809 ,   9.079 , 325.426 ,   2.783 ,  65.573 ,5535.630 ,47.364      ,-3116.941      ,83.467         ,16.915            ,0.696             , 4609.867 ,100.906    ,4611.041  ,   100.982 ,4603.333  ,100.181    ,    57.082
 19.000 ,16158.936 ,-0.000 ,-8754.695  ,5607.385 ,46.183  ,-3039.098 , 85.212 , 0.000 ,  0.000 ,5626.169     ,46.141          ,-3046.385 ,85.809  ,4.340     ,0.554  ,28762.983  ,103.850 , 8701.704 ,   7.416 , 311.621 ,   2.418 ,  66.996 ,5582.363 ,46.100      ,-3033.118      ,84.177         ,17.611            ,0.696             , 5913.550 ,101.214    ,5915.492  ,   101.309 ,5905.077  ,100.211    ,    60.749
 20.000 ,16290.173 ,-0.000 ,-8508.006  ,5652.919 ,44.883  ,-2953.539 , 85.904 , 0.000 ,  0.000 ,5670.893     ,44.797          ,-2962.192 ,86.350  ,3.725     ,0.471  ,32294.195  ,105.925 , 9063.886 ,   5.955 , 298.905 ,   2.117 ,  68.375 ,5627.827 ,44.825      ,-2948.594      ,84.868         ,18.307            ,0.696             , 7417.877 ,101.568    ,7420.894  ,   101.683 ,7407.377  ,100.242    ,    64.292
 21.000 ,16417.644 ,-0.000 ,-8259.351  ,5697.148 ,43.573  ,-2867.297 , 86.576 , 0.000 ,  0.000 ,5714.602     ,43.458          ,-2875.844 ,86.985  ,2.859     ,0.380  ,36073.440  ,107.896 , 9379.202 ,   4.692 , 287.167 ,   1.866 ,  69.711 ,5672.010 ,43.540      ,-2863.388      ,85.540         ,19.002            ,0.696             , 9122.870 ,101.966    ,9127.330  ,   102.103 ,9110.312  ,100.272    ,    67.705
 22.000 ,16541.319 ,-0.000 ,-8008.786  ,5740.061 ,42.252  ,-2780.393 , 87.228 , 0.000 ,  0.000 ,5757.291     ,42.129          ,-2789.144 ,87.592  ,2.916     ,0.359  ,40103.588  ,109.757 , 9644.934 ,   3.626 , 276.314 ,   1.656 ,  71.003 ,5714.903 ,42.245      ,-2777.520      ,86.192         ,19.698            ,0.696             ,11028.541 ,102.410    ,11034.882 ,   102.569 ,11013.963 ,100.302    ,    70.994
 23.000 ,16661.171 ,-0.000 ,-7756.370  ,5781.649 ,40.922  ,-2692.847 , 87.860 , 0.000 ,  0.000 ,5798.934     ,40.796          ,-2701.159 ,88.226  ,3.228     ,0.356  ,44387.635  ,111.501 , 9857.876 ,   2.755 , 266.257 ,   1.478 ,  72.254 ,5756.496 ,40.940      ,-2691.009      ,86.825         ,20.394            ,0.696             ,13134.905 ,102.900    ,13143.642 ,   103.082 ,13118.414 ,100.333    ,    74.166
 24.000 ,16777.171 ,-0.000 ,-7502.161  ,5821.901 ,39.582  ,-2604.679 , 88.472 , 0.000 ,  0.000 ,5838.996     ,39.447          ,-2612.335 ,88.848  ,2.541     ,0.293  ,48927.775  ,113.122 ,10015.854 ,   2.079 , 256.922 ,   1.328 ,  73.463 ,5796.780 ,39.626      ,-2603.876      ,87.438         ,21.090            ,0.696             ,15441.978 ,103.434    ,15453.696 ,   103.641 ,15423.741 ,100.363    ,    77.229
 25.000 ,16889.293 ,-0.000 ,-7246.218  ,5860.809 ,38.233  ,-2515.909 , 89.063 , 0.000 ,  0.000 ,5877.573     ,38.079          ,-2522.716 ,89.455  ,1.910     ,0.239  ,53726.110  ,114.617 ,10116.915 ,   1.599 , 248.241 ,   1.199 ,  74.633 ,5835.745 ,38.302      ,-2516.140      ,88.031         ,21.786            ,0.696             ,17949.758 ,104.014    ,17965.134 ,   104.246 ,17930.027 ,100.393    ,    80.191
 26.000 ,16997.511 ,-0.000 ,-6988.599  ,5898.364 ,36.875  ,-2426.559 , 89.634 , 0.000 ,  0.000 ,5915.210     ,36.724          ,-2433.197 ,90.014  ,1.843     ,0.222  ,58784.057  ,115.980 ,10159.607 ,   1.315 , 240.156 ,   1.089 ,  75.762 ,5873.382 ,36.970      ,-2427.820      ,88.604         ,22.482            ,0.696             ,20658.266 ,104.640    ,20678.047 ,   104.898 ,20637.347 ,100.423    ,    83.060
 27.000 ,17101.799 ,-0.000 ,-6729.366  ,5934.556 ,35.509  ,-2336.648 , 90.184 , 0.000 ,  0.000 ,5951.063     ,35.336          ,-2342.160 ,90.592  ,1.682     ,0.201  ,64102.605  ,117.207 ,10142.695 ,   1.229 , 232.612 ,   0.993 ,  76.853 ,5909.682 ,35.629      ,-2338.938      ,89.157         ,23.178            ,0.696             ,23567.507 ,105.311    ,23592.521 ,   105.595 ,23545.792 ,100.454    ,    85.843
 28.000 ,17202.134 ,-0.000 ,-6468.576  ,5969.379 ,34.134  ,-2246.198 , 90.713 , 0.000 ,  0.000 ,5985.671     ,33.963          ,-2252.728 ,91.041  ,2.243     ,0.220  ,69681.809  ,118.295 ,10066.277 ,   1.342 , 225.563 ,   0.911 ,  77.905 ,5944.636 ,34.280      ,-2249.513      ,89.690         ,23.875            ,0.696             ,26677.494 ,106.028    ,26708.661 ,   106.339 ,26655.433 ,100.484    ,    88.546
 29.000 ,17298.493 ,-0.000 ,-6206.291  ,6002.822 ,32.752  ,-2155.229 , 91.221 , 0.000 ,  0.000 ,6018.705     ,32.572          ,-2161.745 ,91.524  ,2.152     ,0.204  ,75521.886  ,119.238 , 9929.341 ,   1.655 , 218.966 ,   0.839 ,  78.918 ,5978.238 ,32.922      ,-2159.566      ,90.202         ,24.571            ,0.696             ,29988.231 ,106.791    ,30026.548 ,   107.129 ,29966.354 ,100.514    ,    91.175
 30.000 ,17390.852 ,-0.000 ,-5942.571  ,6034.880 ,31.362  ,-2063.762 , 91.709 , 0.000 ,  0.000 ,6050.366     ,31.166          ,-2069.863 ,92.005  ,2.194     ,0.196  ,81621.694  ,120.034 , 9733.438 ,   2.169 , 212.784 ,   0.777 ,  79.894 ,6010.479 ,31.558      ,-2069.117      ,90.693         ,25.267            ,0.696             ,33499.714 ,107.600    ,33546.288 ,   107.965 ,33478.630 ,100.545    ,    93.736
 31.000 ,17479.192 ,-0.000 ,-5677.478  ,6065.543 ,29.965  ,-1971.819 , 92.175 , 0.000 ,  0.000 ,6081.034     ,29.755          ,-1976.116 ,92.539  ,2.122     ,0.183  ,87979.555  ,120.682 , 9480.290 ,   2.885 , 206.986 ,   0.722 ,  80.832 ,6041.351 ,30.185      ,-1978.186      ,91.164         ,25.964            ,0.696             ,37211.958 ,108.455    ,37267.950 ,   108.847 ,37192.364 ,100.575    ,    96.234
 32.000 ,17563.491 ,-0.000 ,-5411.072  ,6094.806 ,28.560  ,-1879.420 , 92.619 , 0.000 ,  0.000 ,6110.143     ,28.348          ,-1883.604 ,92.966  ,1.929     ,0.166  ,94592.986  ,121.182 , 9172.867 ,   3.805 , 201.542 ,   0.674 ,  81.734 ,6070.847 ,28.806      ,-1886.795      ,91.614         ,26.660            ,0.697             ,41124.981 ,109.356    ,41191.643 ,   109.774 ,41107.623 ,100.605    ,    98.671
 33.000 ,17643.729 ,-0.000 ,-5143.416  ,6122.662 ,27.150  ,-1786.587 , 93.043 , 0.000 ,  0.000 ,6137.709     ,26.933          ,-1791.088 ,93.350  ,2.089     ,0.165  ,101459.951 ,121.529 , 8812.750 ,   4.928 , 196.425 ,   0.632 ,  82.600 ,6098.961 ,27.420      ,-1794.964      ,92.044         ,27.357            ,0.697             ,45238.782 ,110.303    ,45317.469 ,   110.748 ,45224.487 ,100.636    ,   101.053
 34.000 ,17719.889 ,-0.000 ,-4874.570  ,6149.104 ,25.733  ,-1693.342 , 93.444 , 0.000 ,  0.000 ,6163.801     ,25.507          ,-1697.480 ,93.745  ,2.590     ,0.180  ,108576.941 ,121.723 , 8403.008 ,   6.257 , 191.610 ,   0.594 ,  83.429 ,6125.685 ,26.028      ,-1702.715      ,92.452         ,28.053            ,0.697             ,49553.369 ,111.296    ,49645.498 ,   111.767 ,49543.039 ,100.666    ,   103.383
 35.000 ,17791.953 ,-0.000 ,-4604.598  ,6174.126 ,24.310  ,-1599.706 , 93.825 , 0.000 ,  0.000 ,6188.850     ,24.080          ,-1602.999 ,94.145  ,3.155     ,0.197  ,115939.497 ,121.761 , 7948.029 ,   7.790 , 187.076 ,   0.561 ,  84.221 ,6151.014 ,24.630      ,-1610.067      ,92.839         ,28.750            ,0.697             ,54068.755 ,112.336    ,54175.844 ,   112.831 ,54063.371 ,100.696    ,   105.664
 36.000 ,17859.904 ,-0.000 ,-4333.561  ,6197.722 ,22.881  ,-1505.700 , 94.183 , 0.000 ,  0.000 ,6.741        ,6.957           ,6195.045  ,22.719  ,-1534.376 ,95.990 ,6.633      ,-1.624  , 1000.000 , 100.000 ,1000.000 , 100.000 ,1000.000 , 100.000 ,38.960      ,0.000          ,0.000          ,1.000             ,1.000             , 6196.399 ,22.154     ,-1505.154 ,    94.348 ,2.985     ,0.181      ,  7759.866 ,       8.260 ,   522.229 ,       1.362 ,   193.893 ,       0.551 ,         44.698 ,-0.043             ,-0.012             ,                0.364 ,                0.382 ,6177.735 ,22.856    ,-1502.122 ,   93.805 ,   1.149 ,-0.044    , 9219.452 ,     12.653 ,  744.722 ,      1.743 ,  346.532 ,      0.973 ,        47.653
 37.000 ,17923.726 ,-0.000 ,-4061.522  ,6219.886 ,21.447  ,-1411.346 , 94.520 , 0.000 ,  0.000 ,6.385        ,6.533           ,6215.785  ,21.102  ,-1428.033 ,97.241 ,5.060      ,-1.619  , 1051.400 ,  99.612 , 698.650 ,  96.654 , 736.292 ,  96.943 ,37.093      ,-0.003         ,-0.128         ,0.064             ,0.063             , 6218.030 ,20.721     ,-1410.632 ,    94.667 ,3.224     ,0.183      ,  4805.116 ,       5.053 ,   311.126 ,       1.219 ,   201.646 ,       0.544 ,         40.231 ,0.003              ,-0.002             ,                0.060 ,                0.060 ,6207.192 ,21.675    ,-1409.238 ,   94.224 ,   1.062 ,-0.046    , 6801.245 ,      8.925 ,  509.628 ,      1.650 ,  325.637 ,      0.894 ,        44.378
 38.000 ,17983.404 ,-0.000 ,-3788.544  ,6240.615 ,20.009  ,-1316.667 , 94.835 , 0.000 ,  0.000 ,5.985        ,6.126           ,6235.527  ,19.449  ,-1326.366 ,98.282 ,2.986      ,-1.698  , 1313.206 ,  98.665 , 623.493 ,  87.624 , 690.912 ,  88.539 ,37.415      ,-0.008         ,-0.060         ,0.060             ,0.060             , 6237.605 ,19.267     ,-1315.915 ,    94.948 ,3.218     ,0.175      ,  3889.188 ,       3.969 ,   239.293 ,       1.204 ,   209.761 ,       0.537 ,         38.432 ,-0.011             ,0.007              ,                0.051 ,                0.051 ,6231.195 ,20.336    ,-1314.859 ,   94.598 ,   1.314 ,-0.034    , 5763.263 ,      7.205 ,  398.069 ,      1.604 ,  308.940 ,      0.830 ,        42.604
 39.000 ,18038.926 ,-0.000 ,-3514.691  ,6259.902 ,18.565  ,-1221.684 , 95.128 , 0.000 ,  0.000 ,5.613        ,5.713           ,6254.572  ,17.971  ,-1226.795 ,98.801 ,3.065      ,-1.322  , 1770.169 ,  97.433 , 626.693 ,  74.254 , 726.608 ,  75.809 ,38.794      ,0.025          ,-0.016         ,0.060             ,0.060             , 6258.390 ,17.886     ,-1221.355 ,    95.238 ,3.432     ,0.177      ,  3522.117 ,       3.443 ,   204.483 ,       1.230 ,   218.133 ,       0.531 ,         37.612 ,0.013              ,0.016              ,                0.048 ,                0.048 ,6254.218 ,19.005    ,-1220.493 ,   94.944 ,   1.796 ,-0.013    , 5228.622 ,      6.212 ,  332.101 ,      1.582 ,  294.922 ,      0.775 ,        41.513
 40.000 ,18090.278 ,-0.000 ,-3240.025  ,6277.744 ,17.118  ,-1126.418 , 95.399 , 0.000 ,  0.000 ,5.183        ,5.278           ,6271.729  ,16.398  ,-1127.750 ,99.075 ,1.612      ,-1.350  , 2419.352 ,  96.303 , 644.893 ,  59.775 , 780.370 ,  61.661 ,40.500      ,-0.002         ,-0.002         ,0.061             ,0.061             , 6274.980 ,16.421     ,-1126.073 ,    95.475 ,3.376     ,0.168      ,  3390.857 ,       3.147 ,   185.299 ,       1.278 ,   226.596 ,       0.525 ,         37.287 ,-0.015             ,0.006              ,                0.046 ,                0.046 ,6272.759 ,17.570    ,-1125.549 ,   95.228 ,   1.789 ,-0.012    , 4938.384 ,      5.566 ,  288.415 ,      1.576 ,  282.763 ,      0.728 ,        40.806
 41.000 ,18137.447 ,-0.000 ,-2964.610  ,6294.136 ,15.666  ,-1030.892 , 95.648 , 0.000 ,  0.000 ,4.767        ,4.835           ,6287.377  ,14.848  ,-1028.966 ,99.218 ,0.484      ,-1.305  , 3260.696 ,  95.479 , 653.341 ,  46.830 , 823.964 ,  48.616 ,42.212      ,0.003          ,0.006          ,0.061             ,0.061             , 6292.248 ,15.000     ,-1030.069 ,    95.746 ,2.950     ,0.145      ,  3372.319 ,       3.007 ,   178.470 ,       1.258 ,   218.046 ,       0.495 ,         37.137 ,-0.016             ,-0.005             ,                0.045 ,                0.045 ,6290.904 ,16.150    ,-1029.505 ,   95.539 ,   1.187 ,-0.035    , 4411.674 ,      4.769 ,  226.879 ,      1.484 ,  245.137 ,      0.646 ,        39.424
 42.000 ,18180.424 ,-0.000 ,-2688.510  ,6309.074 ,14.211  ,-935.129  , 95.875 , 0.000 ,  0.000 ,4.373        ,4.389           ,6301.541  ,13.351  ,-930.498  ,99.267 ,1.853      ,-0.819  , 4291.699 ,  94.923 , 648.177 ,  36.501 , 849.270 ,  37.819 ,43.838      ,0.036          ,0.011          ,0.061             ,0.061             , 6307.134 ,13.554     ,-934.055  ,    95.970 ,2.927     ,0.139      ,  3379.335 ,       2.906 ,   173.600 ,       1.228 ,   206.567 ,       0.464 ,         37.025 ,0.013              ,-0.012             ,                0.045 ,                0.045 ,6307.286 ,14.719    ,-933.520  ,   95.809 ,   1.613 ,-0.017    , 4125.531 ,      4.269 ,  189.024 ,      1.429 ,  218.052 ,      0.586 ,        38.522
 43.000 ,18219.198 ,-0.000 ,-2411.788  ,6322.556 ,12.752  ,-839.149  , 96.080 , 0.000 ,  0.000 ,3.935        ,3.942           ,6313.852  ,11.798  ,-832.448  ,99.224 ,2.406      ,-0.597  , 5503.343 ,  94.465 , 633.075 ,  28.749 , 856.392 ,  29.353 ,45.362      ,0.018          ,0.018          ,0.060             ,0.060             , 6322.160 ,12.137     ,-837.513  ,    96.209 ,2.287     ,0.110      ,  3411.334 ,       2.824 ,   168.872 ,       1.211 ,   196.914 ,       0.439 ,         36.972 ,0.004              ,-0.016             ,                0.045 ,                0.045 ,6323.178 ,13.303    ,-836.912  ,   96.088 ,   1.169 ,-0.033    , 3971.237 ,      3.928 ,  163.687 ,      1.398 ,  197.377 ,      0.541 ,        37.918
 44.000 ,18253.761 ,-0.000 ,-2134.509  ,6334.577 ,11.291  ,-742.976  , 96.263 , 0.000 ,  0.000 ,3.517        ,3.471           ,6324.374  ,10.212  ,-733.377  ,99.342 ,4.178      ,-0.243  , 6876.489 ,  93.882 , 612.387 ,  23.090 , 846.786 ,  22.855 ,46.780      ,0.033          ,0.002          ,0.059             ,0.058             , 6334.809 ,10.700     ,-741.196  ,    96.395 ,1.660     ,0.084      ,  3463.213 ,       2.756 ,   164.363 ,       1.205 ,   188.670 ,       0.418 ,         36.966 ,0.023              ,-0.038             ,                0.044 ,                0.044 ,6336.566 ,11.854    ,-740.133  ,   96.323 ,   1.066 ,-0.035    , 3899.695 ,      3.683 ,  145.876 ,      1.383 ,  180.873 ,      0.504 ,        37.518
 45.000 ,18284.103 ,-0.000 ,-1856.737  ,6345.136 ,9.826   ,-646.631  , 96.423 , 0.000 ,  0.000 ,3.000        ,3.057           ,6333.585  ,8.661   ,-637.245  ,99.001 ,0.728      ,-0.695  , 8378.354 ,  92.950 , 589.070 ,  18.993 , 821.899 ,  17.886 ,48.079      ,-0.051         ,0.052          ,0.057             ,0.057             , 6344.723 ,9.232      ,-644.788  ,    96.535 ,1.719     ,0.083      ,  3531.573 ,       2.698 ,   160.175 ,       1.209 ,   181.538 ,       0.400 ,         36.999 ,-0.049             ,-0.001             ,                0.044 ,                0.044 ,6345.900 ,10.343    ,-643.890  ,   96.467 ,   0.482 ,-0.057    , 3884.717 ,      3.499 ,  133.042 ,      1.381 ,  167.218 ,      0.474 ,        37.265
 46.000 ,18310.219 ,-0.000 ,-1578.535  ,6354.230 ,8.360   ,-550.136  , 96.562 , 0.000 ,  0.000 ,2.592        ,2.638           ,6337.962  ,6.887   ,-543.426  ,98.395 ,0.987      ,-0.609  , 9959.268 ,  91.447 , 564.830 ,  16.012 , 782.409 ,  14.073 ,49.240      ,0.006          ,0.083          ,0.056             ,0.056             , 6351.573 ,7.732      ,-548.589  ,    96.615 ,2.491     ,0.107      ,  3613.982 ,       2.646 ,   156.427 ,       1.222 ,   175.307 ,       0.385 ,         37.065 ,-0.010             ,0.033              ,                0.044 ,                0.044 ,6353.446 ,8.839     ,-548.295  ,   96.552 ,   1.090 ,-0.033    , 3910.142 ,      3.357 ,  123.741 ,      1.389 ,  155.577 ,      0.449 ,        37.122
 47.000 ,18332.103 ,-0.000 ,-1299.968  ,6361.856 ,6.892   ,-453.515  , 96.677 , 0.000 ,  0.000 ,2.171        ,2.154           ,6340.107  ,5.076   ,-447.530  ,98.128 ,3.077      ,-0.322  ,11555.931 ,  89.218 , 540.551 ,  13.811 , 730.636 ,  11.134 ,50.244      ,0.037          ,0.039          ,0.055             ,0.055             , 6359.100 ,6.274      ,-452.038  ,    96.716 ,2.107     ,0.089      ,  3708.642 ,       2.600 ,   153.253 ,       1.242 ,   169.821 ,       0.372 ,         37.161 ,0.019              ,0.004              ,                0.044 ,                0.044 ,6362.232 ,7.391     ,-451.848  ,   96.687 ,   1.097 ,-0.031    , 3964.037 ,      3.244 ,  117.106 ,      1.403 ,  145.400 ,      0.427 ,        37.060
 48.000 ,18349.748 ,-0.000 ,-1021.101  ,6368.013 ,5.422   ,-356.789  , 96.771 , 0.000 ,  0.000 ,1.691        ,1.715           ,6340.725  ,3.318   ,-352.501  ,97.783 ,3.354      ,-0.284  ,13089.860 ,  86.140 , 516.267 ,  12.144 , 669.371 ,   8.864 ,51.069      ,0.002          ,0.054          ,0.055             ,0.055             , 6365.787 ,4.825      ,-355.122  ,    96.814 ,1.513     ,0.066      ,  3813.886 ,       2.558 ,   150.796 ,       1.269 ,   164.943 ,       0.361 ,         37.284 ,-0.004             ,0.023              ,                0.044 ,                0.044 ,6370.276 ,5.957     ,-355.287  ,   96.809 ,   0.580 ,-0.049    , 4035.924 ,      3.149 ,  112.570 ,      1.422 ,  136.285 ,      0.408 ,        37.054
 49.000 ,18363.152 ,-0.000 ,-741.997   ,6372.699 ,3.951   ,-259.980  , 96.842 , 0.000 ,  0.000 ,1.229        ,1.247           ,6340.741  ,1.654   ,-256.663  ,97.562 ,3.167      ,-0.291  ,14475.287 ,  82.157 , 491.975 ,  10.839 , 602.128 ,   7.117 ,51.696      ,-0.004         ,0.035          ,0.054             ,0.054             , 6369.499 ,3.341      ,-258.076  ,    96.869 ,2.072     ,0.083      ,  3928.499 ,       2.517 ,   149.216 ,       1.303 ,   160.579 ,       0.352 ,         37.430 ,-0.005             ,0.016              ,                0.044 ,                0.044 ,6374.704 ,4.468     ,-258.492  ,   96.883 ,   0.974 ,-0.032    , 4115.731 ,      3.064 ,  109.748 ,      1.442 ,  127.977 ,      0.392 ,        37.082
 50.000 ,18372.310 ,-0.000 ,-462.723   ,6375.914 ,2.479   ,-163.112  , 96.891 , 0.000 ,  0.000 ,0.776        ,0.773           ,6339.936  ,0.048   ,-159.955  ,97.441 ,3.155      ,-0.274  ,15629.883 ,  77.305 , 467.603 ,   9.773 , 533.501 ,   5.783 ,52.114      ,0.002          ,0.015          ,0.054             ,0.053             , 6372.037 ,1.872      ,-161.596  ,    96.885 ,1.800     ,0.070      ,  4051.637 ,       2.479 ,   148.691 ,       1.343 ,   156.660 ,       0.344 ,         37.601 ,0.000              ,0.003              ,                0.044 ,                0.044 ,6378.102 ,2.992     ,-161.873  ,   96.931 ,   0.845 ,-0.036    , 4193.119 ,      2.983 ,  108.354 ,      1.461 ,  120.336 ,      0.377 ,        37.123
 51.000 ,18377.222 ,-0.000 ,-183.341   ,6377.656 ,1.006   ,-66.205   , 96.918 , 0.000 ,  0.000 ,0.327        ,0.326           ,6334.711  ,-1.718  ,-64.114   ,97.201 ,3.791      ,-0.214  ,16488.637 ,  71.716 , 443.239 ,   8.865 , 468.495 ,   4.780 ,52.323      ,0.013          ,0.029          ,0.053             ,0.053             , 6373.909 ,0.413      ,-64.696   ,    96.904 ,1.256     ,0.049      ,  4182.463 ,       2.441 ,   149.413 ,       1.389 ,   153.124 ,       0.337 ,         37.793 ,0.015              ,0.017              ,                0.044 ,                0.044 ,6380.405 ,1.523     ,-65.111   ,   96.967 ,   0.701 ,-0.041    , 4256.814 ,      2.899 ,  108.142 ,      1.475 ,  113.276 ,      0.364 ,        37.156
 52.000 ,18377.885 ,0.000  ,96.083     ,6377.926 ,-0.467  ,30.716    , 96.922 , 0.000 ,  0.000 ,-0.174       ,-0.175          ,6338.532  ,-2.840  ,34.202    ,97.288 ,1.801      ,-0.339  ,17018.601 ,  65.618 , 419.269 ,   8.061 , 411.794 ,   4.036 ,52.341      ,-0.033         ,-0.018         ,0.053             ,0.053             , 6374.649 ,-1.045     ,32.622    ,    96.920 ,0.903     ,0.036      ,  4304.971 ,       2.399 ,   151.294 ,       1.434 ,   149.660 ,       0.330 ,         37.978 ,-0.021             ,-0.022             ,                0.044 ,                0.044 ,6382.607 ,0.076     ,32.138    ,   97.017 ,   0.248 ,-0.056    , 4295.026 ,      2.807 ,  108.864 ,      1.483 ,  106.786 ,      0.353 ,        37.160
 53.000 ,18374.300 ,0.000  ,375.485    ,6376.723 ,-1.940  ,127.630   , 96.903 , 0.000 ,  0.000 ,-0.613       ,-0.636          ,6336.933  ,-4.225  ,131.999   ,97.264 ,1.213      ,-0.351  ,17201.961 ,  59.220 , 395.746 ,   7.328 , 366.602 ,   3.496 ,52.184      ,-0.004         ,-0.011         ,0.053             ,0.053             , 6373.350 ,-2.514     ,129.854   ,    96.903 ,0.983     ,0.038      ,  4378.710 ,       2.342 ,   153.606 ,       1.461 ,   145.893 ,       0.325 ,         38.083 ,0.004              ,-0.018             ,                0.044 ,                0.044 ,6381.483 ,-1.406    ,129.033   ,   97.005 ,   0.422 ,-0.047    , 4296.950 ,      2.703 ,  110.275 ,      1.479 ,  100.915 ,      0.343 ,        37.116
 54.000 ,18366.468 ,0.000  ,654.801    ,6374.047 ,-3.412  ,224.515   , 96.863 , 0.000 ,  0.000 ,-1.095       ,-1.130          ,6341.313  ,-5.231  ,231.269   ,97.417 ,-0.347     ,-0.412  ,17071.265 ,  52.813 , 373.266 ,   6.651 , 335.194 ,   3.109 ,51.890      ,-0.027         ,-0.040         ,0.052             ,0.052             , 6372.920 ,-3.946     ,227.716   ,    96.919 ,0.641     ,0.027      ,  4392.934 ,       2.267 ,   155.918 ,       1.467 ,   142.153 ,       0.320 ,         38.092 ,-0.018             ,-0.049             ,                0.044 ,                0.044 ,6381.997 ,-2.836    ,226.878   ,   97.050 ,   0.401 ,-0.042    , 4254.039 ,      2.585 ,  112.108 ,      1.463 ,   95.744 ,      0.335 ,        37.007
 55.000 ,18354.390 ,0.000  ,933.964    ,6369.899 ,-4.883  ,321.348   , 96.800 , 0.000 ,  0.000 ,-1.574       ,-1.507          ,6333.168  ,-6.806  ,326.449   ,97.114 ,-2.246     ,-0.529  ,16666.217 ,  46.605 , 352.053 ,   6.022 , 317.996 ,   2.834 ,51.489      ,-0.040         ,0.055          ,0.052             ,0.052             , 6367.957 ,-5.415     ,323.919   ,    96.813 ,0.121     ,0.008      ,  4343.478 ,       2.176 ,   157.851 ,       1.451 ,   138.802 ,       0.316 ,         38.000 ,-0.034             ,0.040              ,                0.044 ,                0.044 ,6377.321 ,-4.324    ,323.290   ,   96.966 ,   0.417 ,-0.042    , 4161.021 ,      2.452 ,  114.094 ,      1.433 ,   91.362 ,      0.328 ,        36.823
 56.000 ,18338.068 ,0.000  ,1212.912   ,6364.281 ,-6.354  ,418.107   , 96.714 , 0.000 ,  0.000 ,-1.986       ,-2.024          ,6326.364  ,-8.265  ,424.034   ,97.017 ,-2.442     ,-0.503  ,16063.034 ,  40.813 , 332.702 ,   5.444 , 314.362 ,   2.637 ,51.023      ,0.009          ,-0.014         ,0.052             ,0.052             , 6362.285 ,-6.882     ,421.065   ,    96.732 ,0.322     ,0.015      ,  4234.335 ,       2.072 ,   159.162 ,       1.415 ,   136.193 ,       0.314 ,         37.812 ,0.012              ,-0.021             ,                0.045 ,                0.045 ,6372.878 ,-5.789    ,420.426   ,   96.914 ,   0.147 ,-0.050    , 4018.347 ,      2.307 ,  115.999 ,      1.389 ,   87.843 ,      0.323 ,        36.559
 57.000 ,18317.508 ,0.000  ,1491.580   ,6357.192 ,-7.823  ,514.770   , 96.607 , 0.000 ,  0.000 ,-2.399       ,-2.449          ,6307.797  ,-10.196 ,519.905   ,96.671 ,-1.787     ,-0.446  ,15317.848 ,  35.531 , 315.201 ,   4.915 , 322.537 ,   2.494 ,50.514      ,0.045          ,0.020          ,0.052             ,0.052             , 6350.891 ,-8.417     ,517.239   ,    96.541 ,1.151     ,0.040      ,  4075.058 ,       1.958 ,   159.715 ,       1.364 ,   134.589 ,       0.312 ,         37.539 ,0.052              ,0.012              ,                0.045 ,                0.045 ,6361.785 ,-7.349    ,516.659   ,   96.741 ,   0.837 ,-0.025    , 3830.477 ,      2.153 ,  117.617 ,      1.333 ,   85.213 ,      0.319 ,        36.214
 58.000 ,18292.713 ,0.000  ,1769.902   ,6348.636 ,-9.290  ,611.313   , 96.477 , 0.000 ,  0.000 ,-2.919       ,-2.919          ,6303.703  ,-11.365 ,616.888   ,96.574 ,-3.206     ,-0.496  ,14496.495 ,  30.829 , 299.717 ,   4.437 , 340.404 ,   2.385 ,49.986      ,-0.042         ,-0.005         ,0.051             ,0.051             , 6343.844 ,-9.848     ,613.999   ,    96.431 ,0.797     ,0.028      ,  3879.522 ,       1.842 ,   159.522 ,       1.301 ,   134.151 ,       0.312 ,         37.202 ,-0.027             ,-0.007             ,                0.045 ,                0.045 ,6355.230 ,-8.792    ,613.599   ,   96.655 ,   0.356 ,-0.042    , 3606.700 ,      1.994 ,  118.801 ,      1.268 ,   83.446 ,      0.316 ,        35.797
 59.000 ,18263.690 ,0.000  ,2047.816   ,6338.614 ,-10.755 ,707.715   , 96.324 , 0.000 ,  0.000 ,-3.356       ,-3.367          ,6295.874  ,-12.655 ,713.484   ,96.417 ,-4.320     ,-0.527  ,13624.634 ,  26.673 , 285.940 ,   4.004 , 365.764 ,   2.298 ,49.438      ,-0.030         ,0.000          ,0.051             ,0.051             , 6334.528 ,-11.290    ,710.493   ,    96.284 ,0.581     ,0.021      ,  3660.742 ,       1.725 ,   158.641 ,       1.231 ,   134.915 ,       0.314 ,         36.816 ,-0.018             ,-0.002             ,                0.045 ,                0.045 ,6346.023 ,-10.257   ,710.319   ,   96.527 ,   0.322 ,-0.041    , 3357.744 ,      1.836 ,  119.477 ,      1.196 ,   82.461 ,      0.314 ,        35.317
 60.000 ,18230.444 ,0.000  ,2325.256   ,6327.127 ,-12.217 ,803.954   , 96.150 , 0.000 ,  0.000 ,-3.769       ,-3.801          ,6280.971  ,-14.186 ,809.329   ,96.140 ,-5.071     ,-0.543  ,12743.126 ,  23.050 , 273.828 ,   3.615 , 396.620 ,   2.224 ,48.883      ,-0.002         ,0.014          ,0.051             ,0.051             , 6321.264 ,-12.771    ,806.396   ,    96.068 ,0.685     ,0.023      ,  3431.622 ,       1.614 ,   157.212 ,       1.159 ,   136.848 ,       0.316 ,         36.401 ,0.009              ,0.012              ,                0.045 ,                0.045 ,6332.849 ,-11.759   ,806.212   ,   96.320 ,   0.664 ,-0.028    , 3095.914 ,      1.684 ,  119.651 ,      1.121 ,   82.149 ,      0.312 ,        34.789
 61.000 ,18192.984 ,0.000  ,2602.159   ,6314.180 ,-13.677 ,900.007   , 95.953 , 0.000 ,  0.000 ,-4.216       ,-4.243          ,6267.925  ,-15.574 ,905.115   ,95.893 ,-6.072     ,-0.567  ,11883.450 ,  19.928 , 263.301 ,   3.269 , 431.256 ,   2.159 ,48.333      ,-0.023         ,0.009          ,0.050             ,0.050             , 6307.782 ,-14.227    ,902.209   ,    95.850 ,0.559     ,0.018      ,  3202.760 ,       1.509 ,   155.402 ,       1.087 ,   139.858 ,       0.319 ,         35.974 ,-0.010             ,0.010              ,                0.045 ,                0.045 ,6319.624 ,-13.229   ,902.005   ,   96.112 ,   0.863 ,-0.019    , 2832.324 ,      1.541 ,  119.376 ,      1.047 ,   82.375 ,      0.311 ,        34.228
 62.000 ,18151.319 ,0.000  ,2878.460   ,6299.775 ,-15.133 ,995.853   , 95.734 , 0.000 ,  0.000 ,-4.640       ,-4.669          ,6252.069  ,-17.011 ,1000.325  ,95.592 ,-7.219     ,-0.599  ,11058.959 ,  17.248 , 254.165 ,   2.962 , 468.273 ,   2.098 ,47.790      ,-0.022         ,0.019          ,0.050             ,0.050             , 6292.134 ,-15.688    ,997.553   ,    95.593 ,0.387     ,0.011      ,  2981.288 ,       1.412 ,   153.351 ,       1.019 ,   143.824 ,       0.322 ,         35.548 ,-0.009             ,0.022              ,                0.045 ,                0.045 ,6304.410 ,-14.699   ,997.164   ,   95.858 ,   0.889 ,-0.018    , 2575.608 ,      1.409 ,  118.729 ,      0.975 ,   83.006 ,      0.310 ,        33.647
 63.000 ,18105.457 ,0.000  ,3154.096   ,6283.914 ,-16.586 ,1091.468  , 95.493 , 0.000 ,  0.000 ,-5.070       ,-5.115          ,6238.765  ,-18.300 ,1095.786  ,95.349 ,-8.166     ,-0.615  ,10281.279 ,  14.957 , 246.281 ,   2.690 , 506.600 ,   2.040 ,47.261      ,-0.037         ,0.002          ,0.050             ,0.050             , 6276.773 ,-17.118    ,1093.009  ,    95.349 ,0.120     ,0.002      ,  2772.047 ,       1.325 ,   151.190 ,       0.955 ,   148.624 ,       0.326 ,         35.131 ,-0.024             ,0.007              ,                0.045 ,                0.045 ,6289.002 ,-16.155   ,1092.915  ,   95.631 ,   0.965 ,-0.014    , 2332.116 ,      1.290 ,  117.801 ,      0.907 ,   83.917 ,      0.308 ,        33.059
 64.000 ,18055.411 ,0.000  ,3429.002   ,6266.603 ,-18.036 ,1186.831  , 95.230 , 0.000 ,  0.000 ,-5.477       ,-5.554          ,6224.897  ,-19.567 ,1191.290  ,95.113 ,-8.796     ,-0.614  , 9553.168 ,  13.001 , 239.479 ,   2.448 , 545.407 ,   1.984 ,46.745      ,-0.034         ,-0.009         ,0.049             ,0.049             , 6260.419 ,-18.540    ,1188.406  ,    95.094 ,-0.066    ,-0.004     ,  2577.465 ,       1.246 ,   149.014 ,       0.896 ,   154.143 ,       0.331 ,         34.731 ,-0.023             ,-0.004             ,                0.045 ,                0.045 ,6272.154 ,-17.607   ,1188.454  ,   95.383 ,   0.696 ,-0.025    , 2105.693 ,      1.184 ,  116.678 ,      0.845 ,   85.006 ,      0.307 ,        32.474
 65.000 ,18001.190 ,0.000  ,3703.116   ,6247.845 ,-19.481 ,1281.921  , 94.945 , 0.000 ,  0.000 ,-5.859       ,-5.984          ,6207.955  ,-20.905 ,1286.675  ,94.844 ,-9.125     ,-0.599  , 8877.051 ,  11.331 , 233.634 ,   2.234 , 584.105 ,   1.930 ,46.247      ,-0.014         ,-0.016         ,0.049             ,0.049             , 6241.945 ,-19.971    ,1283.579  ,    94.811 ,-0.042    ,-0.003     ,  2398.646 ,       1.175 ,   146.897 ,       0.843 ,   160.283 ,       0.335 ,         34.353 ,-0.004             ,-0.011             ,                0.045 ,                0.045 ,6253.888 ,-19.055   ,1283.735  ,   95.113 ,   1.068 ,-0.008    , 1898.424 ,      1.090 ,  115.443 ,      0.788 ,   86.190 ,      0.306 ,        31.900
 66.000 ,17942.808 ,0.000  ,3976.374   ,6227.643 ,-20.921 ,1376.714  , 94.638 , 0.000 ,  0.000 ,-6.269       ,-6.376          ,6189.051  ,-22.251 ,1381.086  ,94.515 ,-10.040    ,-0.615  , 8254.142 ,   9.907 , 228.648 ,   2.045 , 622.315 ,   1.877 ,45.768      ,-0.035         ,0.011          ,0.049             ,0.049             , 6221.818 ,-21.395    ,1378.053  ,    94.491 ,-0.341    ,-0.013     ,  2235.753 ,       1.112 ,   144.898 ,       0.795 ,   166.963 ,       0.340 ,         33.998 ,-0.025             ,0.015              ,                0.045 ,                0.045 ,6233.301 ,-20.513   ,1378.546  ,   94.805 ,   0.985 ,-0.012    , 1710.823 ,      1.007 ,  114.159 ,      0.738 ,   87.409 ,      0.305 ,        31.342
 67.000 ,17880.278 ,0.000  ,4248.713   ,6206.004 ,-22.357 ,1471.189  , 94.309 , 0.000 ,  0.000 ,-6.628       ,-6.784          ,6166.268  ,-23.680 ,1475.125  ,94.135 ,-10.942    ,-0.628  , 7682.895 ,   8.692 , 224.423 ,   1.878 , 659.824 ,   1.825 ,45.311      ,-0.013         ,0.012          ,0.048             ,0.048             , 6199.133 ,-22.832    ,1472.076  ,    94.131 ,-0.509    ,-0.018     ,  2088.207 ,       1.055 ,   143.057 ,       0.752 ,   174.122 ,       0.345 ,         33.670 ,-0.005             ,0.017              ,                0.045 ,                0.045 ,6210.495 ,-21.973   ,1472.609  ,   94.449 ,   0.893 ,-0.015    , 1542.560 ,      0.934 ,  112.889 ,      0.693 ,   88.620 ,      0.303 ,        30.806
 68.000 ,17813.615 ,0.000  ,4520.069   ,6182.932 ,-23.787 ,1565.325  , 93.958 , 0.000 ,  0.000 ,6177.031     ,-24.230         ,1565.871  ,93.778  ,0.007     ,-0.001 ,2053.628   ,1.004   ,  151.233 ,   0.786 , 167.226 ,   0.335 ,  33.597 ,6188.192 ,-23.399     ,1566.859       ,94.113         ,1.057             ,-0.008            , 1576.889 ,0.918      ,125.210   ,     0.731 ,91.347    ,0.305      ,    31.102
 69.000 ,17742.834 ,0.000  ,4790.381   ,6158.431 ,-25.212 ,1659.099  , 93.586 , 0.000 ,  0.000 ,6153.366     ,-25.621         ,1659.125  ,93.396  ,0.245     ,0.007  ,2029.858   ,0.959   ,  161.508 ,   0.821 , 161.349 ,   0.327 ,  33.577 ,6164.492 ,-24.816     ,1660.623       ,93.750         ,1.082             ,-0.006            , 1611.083 ,0.900      ,139.008   ,     0.770 ,93.962    ,0.305      ,    31.400
 70.000 ,17667.951 ,0.000  ,5059.585   ,6132.509 ,-26.632 ,1752.490  , 93.192 , 0.000 ,  0.000 ,6126.782     ,-27.043         ,1752.452  ,92.992  ,0.283     ,0.008  ,2014.705   ,0.919   ,  173.858 ,   0.857 , 156.287 ,   0.320 ,  33.603 ,6138.649 ,-26.248     ,1754.315       ,93.371         ,1.053             ,-0.007            , 1645.182 ,0.882      ,154.383   ,     0.810 ,96.452    ,0.306      ,    31.700
 71.000 ,17588.984 ,0.000  ,5327.620   ,6105.170 ,-28.045 ,1845.476  , 92.777 , 0.000 ,  0.000 ,6099.357     ,-28.440         ,1844.941  ,92.558  ,0.104     ,0.001  ,2006.589   ,0.883   ,  188.297 ,   0.894 , 151.894 ,   0.315 ,  33.667 ,6111.709 ,-27.661     ,1847.316       ,92.961         ,0.851             ,-0.015            , 1679.226 ,0.863      ,171.437   ,     0.851 ,98.807    ,0.306      ,    32.003
 72.000 ,17505.952 ,0.000  ,5594.423   ,6076.422 ,-29.451 ,1938.036  , 92.340 , 0.000 ,  0.000 ,6069.914     ,-29.842         ,1937.055  ,92.098  ,-0.299    ,-0.012 ,2004.212   ,0.850   ,  204.866 ,   0.932 , 148.051 ,   0.310 ,  33.764 ,6083.024 ,-29.075     ,1939.942       ,92.528         ,0.501             ,-0.029            , 1713.233 ,0.844      ,190.278   ,     0.892 ,101.020   ,0.306      ,    32.308
 73.000 ,17418.872 ,0.000  ,5859.932   ,6046.270 ,-30.851 ,2030.149  , 91.882 , 0.000 ,  0.000 ,6039.443     ,-31.238         ,2029.097  ,91.635  ,-0.070    ,-0.004 ,2012.676   ,0.821   ,  224.102 ,   0.971 , 146.086 ,   0.307 ,  33.922 ,6053.123 ,-30.486     ,2032.428       ,92.088         ,0.622             ,-0.023            , 1747.220 ,0.825      ,211.016   ,     0.935 ,103.086   ,0.306      ,    32.614
 74.000 ,17327.765 ,0.000  ,6124.088   ,6014.722 ,-32.244 ,2121.793  , 91.402 , 0.000 ,  0.000 ,6007.438     ,-32.626         ,2120.512  ,91.143  ,-0.079    ,-0.004 ,2030.274   ,0.794   ,  246.090 ,   1.010 , 145.937 ,   0.304 ,  34.135 ,6021.724 ,-31.888     ,2124.328       ,91.620         ,0.529             ,-0.025            , 1781.179 ,0.805      ,233.765   ,     0.979 ,105.002   ,0.305      ,    32.922
 75.000 ,17232.653 ,0.000  ,6386.827   ,5981.785 ,-33.629 ,2212.946  , 90.902 , 0.000 ,  0.000 ,5974.061     ,-34.004         ,2211.280  ,90.626  ,-0.262    ,-0.010 ,2052.291   ,0.769   ,  270.634 ,   1.050 , 146.712 ,   0.301 ,  34.378 ,5988.967 ,-33.278     ,2215.547       ,91.123         ,0.196             ,-0.038            , 1815.098 ,0.785      ,258.643   ,     1.023 ,106.767   ,0.305      ,    33.231
 76.000 ,17133.558 ,0.000  ,6648.090   ,5947.467 ,-35.006 ,2303.589  , 90.380 , 0.000 ,  0.000 ,5939.381     ,-35.373         ,2301.601  ,90.092  ,-0.316    ,-0.011 ,2076.240   ,0.744   ,  297.669 ,   1.090 , 147.903 ,   0.299 ,  34.636 ,5954.922 ,-34.663     ,2306.457       ,90.614         ,0.165             ,-0.037            , 1848.952 ,0.765      ,285.774   ,     1.068 ,108.383   ,0.304      ,    33.542
 77.000 ,17030.501 ,0.000  ,6907.816   ,5911.775 ,-36.376 ,2393.700  , 89.838 , 0.000 ,  0.000 ,5904.772     ,-36.717         ,2391.839  ,89.567  ,-0.497    ,-0.019 ,1501.595   ,0.623   ,  286.513 ,   0.937 , 134.916 ,   0.294 ,  32.813 ,5918.994 ,-36.050     ,2396.868       ,90.080         ,-0.155            ,-0.048            , 1882.697 ,0.745      ,315.280   ,     1.114 ,109.853   ,0.303      ,    33.853
 78.000 ,16923.508 ,0.000  ,7165.946   ,5874.718 ,-37.737 ,2483.258  , 89.275 , 0.000 ,  0.000 ,5868.083     ,-38.052         ,2480.816  ,88.991  ,-0.586    ,-0.022 ,1225.225   ,0.563   ,  290.838 ,   0.870 , 131.610 ,   0.293 ,  31.882 ,5882.060 ,-37.421     ,2486.689       ,89.527         ,-0.311            ,-0.052            , 1916.296 ,0.725      ,347.289   ,     1.160 ,111.182   ,0.302      ,    34.166
 79.000 ,16812.603 ,0.000  ,7422.418   ,5836.305 ,-39.089 ,2572.242  , 88.691 , 0.000 ,  0.000 ,5831.403     ,-39.382         ,2570.580  ,88.450  ,0.002     ,-0.004 ,1065.920   ,0.526   ,  302.007 ,   0.841 , 130.473 ,   0.294 ,  31.356 ,5843.465 ,-38.792     ,2576.110       ,88.956         ,-0.442            ,-0.055            , 1949.678 ,0.705      ,381.930   ,     1.207 ,112.374   ,0.301      ,    34.479
 80.000 ,16697.811 ,0.000  ,7677.175   ,5796.543 ,-40.432 ,2660.633  , 88.087 , 0.000 ,  0.000 ,5791.768     ,-40.699         ,2658.067  ,87.820  ,0.224     ,0.003  ,966.679    ,0.502   ,  317.632 ,   0.830 , 130.413 ,   0.295 ,  31.070 ,5804.462 ,-40.130     ,2664.606       ,88.359         ,-0.412            ,-0.052            , 1982.775 ,0.684      ,419.334   ,     1.255 ,113.436   ,0.300      ,    34.792
 81.000 ,16579.159 ,0.000  ,7930.158   ,5755.444 ,-41.766 ,2748.409  , 87.462 , 0.000 ,  0.000 ,5750.476     ,-42.023         ,2745.517  ,87.186  ,0.107     ,-0.001 ,902.796    ,0.484   ,  336.738 ,   0.832 , 130.932 ,   0.296 ,  30.942 ,5763.980 ,-41.464     ,2752.645       ,87.747         ,-0.262            ,-0.044            , 2015.482 ,0.664      ,459.636   ,     1.303 ,114.375   ,0.299      ,    35.106
 82.000 ,16456.674 ,0.000  ,8181.307   ,5713.015 ,-43.090 ,2835.551  , 86.817 , 0.000 ,  0.000 ,5707.958     ,-43.347         ,2832.964  ,86.553  ,-0.455    ,-0.020 ,861.681    ,0.471   ,  358.832 ,   0.842 , 131.758 ,   0.298 ,  30.926 ,5721.384 ,-42.802     ,2840.028       ,87.107         ,-0.715            ,-0.060            , 2047.714 ,0.644      ,502.968   ,     1.352 ,115.199   ,0.298      ,    35.420
 83.000 ,16330.385 ,0.000  ,8430.564   ,5669.266 ,-44.405 ,2922.037  , 86.153 , 0.000 ,  0.000 ,5663.730     ,-44.658         ,2919.106  ,85.875  ,-0.216    ,-0.011 ,840.460    ,0.461   ,  384.228 ,   0.857 , 133.532 ,   0.299 ,  31.022 ,5677.737 ,-44.126     ,2926.784       ,86.450         ,-0.951            ,-0.066            , 2079.393 ,0.625      ,549.465   ,     1.401 ,115.916   ,0.297      ,    35.734
 84.000 ,16200.322 ,0.000  ,8677.873   ,5624.209 ,-45.709 ,3007.849  , 85.468 , 0.000 ,  0.000 ,5619.383     ,-45.936         ,3004.621  ,85.190  ,0.096     ,-0.002 ,839.702    ,0.453   ,  413.767 ,   0.875 , 138.297 ,   0.299 ,  31.261 ,5633.078 ,-45.431     ,3012.721       ,85.770         ,-1.194            ,-0.073            , 2110.410 ,0.605      ,599.261   ,     1.451 ,116.534   ,0.296      ,    36.048
 85.000 ,16066.513 ,0.000  ,8923.176   ,5577.853 ,-47.002 ,3092.966  , 84.763 , 0.000 ,  0.000 ,5573.010     ,-47.219         ,3089.494  ,84.481  ,0.319     ,0.005  ,847.958    ,0.447   ,  444.214 ,   0.892 , 143.866 ,   0.298 ,  31.544 ,5587.161 ,-46.732     ,3098.303       ,85.081         ,-0.881            ,-0.059            , 2140.647 ,0.586      ,652.492   ,     1.501 ,117.061   ,0.295      ,    36.361
 86.000 ,15928.990 ,0.000  ,9166.416   ,5530.209 ,-48.285 ,3177.369  , 84.039 , 0.000 ,  0.000 ,5525.289     ,-48.494         ,3173.710  ,83.754  ,0.491     ,0.010  ,857.536    ,0.441   ,  473.336 ,   0.907 , 147.928 ,   0.297 ,  31.800 ,5539.691 ,-48.028     ,3183.161       ,84.370         ,-0.800            ,-0.053            , 2169.991 ,0.568      ,709.284   ,     1.551 ,117.505   ,0.294      ,    36.673
 87.000 ,15787.785 ,0.000  ,9407.538   ,5481.287 ,-49.556 ,3261.039  , 83.296 , 0.000 ,  0.000 ,5476.267     ,-49.760         ,3257.287  ,83.010  ,0.578     ,0.012  ,868.013    ,0.436   ,  502.056 ,   0.922 , 151.069 ,   0.295 ,  32.040 ,5490.705 ,-49.317     ,3267.324       ,83.639         ,-0.869            ,-0.054            , 2198.336 ,0.550      ,769.771   ,     1.601 ,117.873   ,0.293      ,    36.984
 88.000 ,15642.930 ,0.000  ,9646.484   ,5431.100 ,-50.816 ,3343.955  , 82.533 , 0.000 ,  0.000 ,5425.944     ,-51.015         ,3340.083  ,82.246  ,0.661     ,0.014  ,879.094    ,0.431   ,  531.142 ,   0.936 , 153.725 ,   0.292 ,  32.272 ,5440.802 ,-50.587     ,3350.665       ,82.887         ,-0.740            ,-0.047            , 2225.571 ,0.533      ,834.081   ,     1.651 ,118.174   ,0.292      ,    37.294
 89.000 ,15494.459 ,0.000  ,9883.200   ,5379.659 ,-52.064 ,3426.099  , 81.752 , 0.000 ,  0.000 ,5374.345     ,-52.259         ,3422.105  ,81.462  ,0.732     ,0.016  ,890.525    ,0.427   ,  561.015 ,   0.951 , 156.082 ,   0.290 ,  32.501 ,5389.541 ,-51.847     ,3433.269       ,82.117         ,-0.648            ,-0.042            , 2251.569 ,0.516      ,902.343   ,     1.702 ,118.414   ,0.291      ,    37.602
 90.000 ,15342.406 ,0.000  ,10117.632  ,5326.975 ,-53.301 ,3507.452  , 80.951 , 0.000 ,  0.000 ,5321.488     ,-53.488         ,3503.218  ,80.656  ,0.829     ,0.018  ,902.125    ,0.422   ,  591.945 ,   0.965 , 158.232 ,   0.287 ,  32.728 ,5337.507 ,-53.082     ,3514.896       ,81.324         ,-0.417            ,-0.033            , 2276.216 ,0.500      ,974.681   ,     1.752 ,118.599   ,0.290      ,    37.909
 91.000 ,15186.807 ,0.000  ,10349.725  ,5273.062 ,-54.525 ,3587.995  , 80.132 , 0.000 ,  0.000 ,5267.426     ,-54.706         ,3583.551  ,79.833  ,0.850     ,0.018  ,913.767    ,0.417   ,  624.130 ,   0.980 , 160.234 ,   0.285 ,  32.953 ,5283.686 ,-54.316     ,3595.796       ,80.512         ,-0.621            ,-0.039            , 2299.378 ,0.485      ,1051.221  ,     1.802 ,118.737   ,0.290      ,    38.214
 92.000 ,15027.696 ,0.000  ,10579.426  ,5217.930 ,-55.736 ,3667.709  , 79.294 , 0.000 ,  0.000 ,5212.123     ,-55.911         ,3663.033  ,78.991  ,0.924     ,0.020  ,925.313    ,0.412   ,  657.560 ,   0.996 , 162.001 ,   0.282 ,  33.176 ,5228.874 ,-55.538     ,3676.013       ,79.686         ,-0.283            ,-0.026            , 2320.960 ,0.470      ,1132.081  ,     1.851 ,118.833   ,0.289      ,    38.517
 93.000 ,14865.112 ,0.000  ,10806.680  ,5161.594 ,-56.935 ,3746.576  , 78.438 , 0.000 ,  0.000 ,5155.588     ,-57.105         ,3741.745  ,78.132  ,1.015     ,0.022  ,936.199    ,0.407   ,  690.506 ,   1.010 , 163.019 ,   0.279 ,  33.381 ,5172.561 ,-56.753     ,3755.419       ,78.840         ,0.086             ,-0.012            , 2348.315 ,0.459      ,1212.171  ,     1.896 ,119.110   ,0.289      ,    38.820
 94.000 ,14699.092 ,0.000  ,11031.437  ,5104.065 ,-58.120 ,3824.579  , 77.564 , 0.000 ,  0.000 ,5097.912     ,-58.284         ,3819.528  ,77.254  ,1.037     ,0.022  ,946.008    ,0.403   ,  722.184 ,   1.023 , 163.287 ,   0.276 ,  33.564 ,5115.253 ,-57.937     ,3833.371       ,77.960         ,-0.069            ,-0.017            , 2370.223 ,0.449      ,1286.657  ,     1.928 ,119.568   ,0.288      ,    39.088
 95.000 ,14529.674 ,0.000  ,11253.643  ,5045.358 ,-59.292 ,3901.698  , 76.671 , 0.000 ,  0.000 ,5039.090     ,-59.452         ,3896.539  ,76.361  ,1.041     ,0.021  ,954.196    ,0.398   ,  751.579 ,   1.033 , 162.854 ,   0.273 ,  33.720 ,5056.699 ,-59.125     ,3911.147       ,77.083         ,0.051             ,-0.012            , 2378.430 ,0.440      ,1350.045  ,     1.944 ,120.284   ,0.288      ,    39.290
 96.000 ,14356.896 ,0.000  ,11473.249  ,4985.486 ,-60.450 ,3977.915  , 75.762 , 0.000 ,  0.000 ,4979.217     ,-60.604         ,3972.685  ,75.452  ,0.921     ,0.017  ,960.164    ,0.394   ,  777.621 ,   1.040 , 161.815 ,   0.270 ,  33.845 ,4997.259 ,-60.283     ,3987.613       ,76.177         ,-0.303            ,-0.024            , 2366.474 ,0.433      ,1397.192  ,     1.938 ,121.362   ,0.288      ,    39.404
 97.000 ,14180.800 ,0.000  ,11690.201  ,4924.463 ,-61.594 ,4053.215  , 74.834 , 0.000 ,  0.000 ,4918.234     ,-61.743         ,4048.021  ,74.529  ,0.800     ,0.013  ,963.330    ,0.390   ,  799.294 ,   1.043 , 160.316 ,   0.268 ,  33.934 ,4936.198 ,-61.441     ,4063.319       ,75.256         ,-0.161            ,-0.018            , 2330.545 ,0.427      ,1424.316  ,     1.908 ,122.915   ,0.289      ,    39.416
 98.000 ,14001.426 ,0.000  ,11904.452  ,4862.302 ,-62.724 ,4127.578  , 73.890 , 0.000 ,  0.000 ,4856.135     ,-62.869         ,4122.437  ,73.589  ,0.668     ,0.008  ,963.208    ,0.387   ,  815.742 ,   1.042 , 158.546 ,   0.265 ,  33.985 ,4873.623 ,-62.579     ,4137.486       ,74.298         ,-0.088            ,-0.014            , 2270.020 ,0.421      ,1429.613  ,     1.856 ,125.041   ,0.290      ,    39.322
 99.000 ,13818.815 ,0.000  ,12115.950  ,4799.019 ,-63.840 ,4200.988  , 72.928 , 0.000 ,  0.000 ,4792.904     ,-63.979         ,4195.847  ,72.631  ,0.539     ,0.004  ,959.489    ,0.384   ,  826.383 ,   1.036 , 156.722 ,   0.264 ,  33.998 ,4809.434 ,-63.700     ,4210.135       ,73.305         ,0.002             ,-0.010            , 2187.358 ,0.417      ,1413.631  ,     1.784 ,127.810   ,0.292      ,    39.125
100.000 ,13633.010 ,0.000  ,12324.648  ,4734.627 ,-64.941 ,4273.428  , 71.949 , 0.000 ,  0.000 ,4728.620     ,-65.075         ,4268.382  ,71.658  ,0.406     ,-0.000 ,952.096    ,0.381   ,  830.984 ,   1.026 , 155.067 ,   0.263 ,  33.973 ,4744.641 ,-64.811     ,4282.495       ,72.318         ,0.116             ,-0.005            , 2087.308 ,0.413      ,1378.943  ,     1.697 ,131.247   ,0.294      ,    38.839
